LocationID,StoreName,City,State
1,Blake Ltd,Valerieville,Alabama
2,Case-Gray,Port Kimside,Montana
3,"Sandoval, Lynch and Medina",Byrdville,California
4,"Johnson, Pace and Gilbert",Christinemouth,Arkansas
5,"Moore, Smith and Day",Wiseport,Maryland
6,Anderson-Sims,Wendyview,Utah
7,Gonzalez-Taylor,Valdezborough,Ohio
8,Lam-Hudson,East Maria,New Jersey
9,Daniels and Sons,Caitlynton,North Dakota
10,Smith-Hernandez,East Angela,Texas
11,"Lawson, Gomez and Kennedy",Michelleside,Wyoming
12,Anderson-Mills,West Marcushaven,Maine
13,Evans-Jones,Smithburgh,Wisconsin
14,Williams and Sons,Lake Cynthia,Colorado
15,Medina Ltd,South Conniebury,Massachusetts
16,Yang-Phillips,Melissamouth,Kentucky
17,Jenkins-Carter,Wagnerville,Louisiana
18,Carter-Sandoval,Michaelview,Oklahoma
19,"Ayala, Davis and Allison",Louisfurt,Rhode Island
20,"Anthony, Smith and Knight",Wilkersonton,South Carolina
21,Acosta-Hammond,Davenportborough,Pennsylvania
22,Stephens Inc,Lake Michaelhaven,Rhode Island
23,"Richards, Adams and Bell",Port Markburgh,Colorado
24,"Velez, Leonard and Morris",Paulborough,North Carolina
25,Hawkins-Bruce,New Johnland,New Jersey
26,Lyons PLC,Julieville,North Dakota
27,"White, Moon and Forbes",East Paulton,Montana
28,"Torres, Brown and Bennett",Port Joseph,New Jersey
29,"Gibson, Stein and Soto",Port Jerryburgh,Wisconsin
30,Butler-Baker,North David,Virginia
31,"Dennis, Dickerson and Meyer",Hoffmanview,Rhode Island
32,Campbell Ltd,East Jacobborough,Maine
33,Duncan-Padilla,Pachecohaven,Hawaii
34,Webb-Taylor,Port Paul,Kansas
35,Shaw LLC,East Christianview,Washington
36,Scott-Jones,Christineport,Montana
37,Moody-Martinez,Davidmouth,Delaware
38,Herman-Jimenez,Pereztown,Wisconsin
39,Washington Group,Lake Sean,New Hampshire
40,Cohen-Clark,Josetown,North Carolina
41,"Brown, Wheeler and Figueroa",Nicolemouth,North Dakota
42,Harris-Blankenship,Woodsshire,Minnesota
43,"Wallace, Hardy and Mitchell",Ashleyfort,Arkansas
44,Moore-Williams,New Antonioville,Louisiana
45,Duncan-Levine,Millsborough,Maine
