ProductID,ProductName,Category,Price
1,Senior,Wear,66.46
2,Against,Six,134.64
3,Issue,Play,56.46
4,Pretty,South,34.5
5,Six,Moment,21.83
6,Class,Draw,50.3
7,But,Coach,86.78
8,Since,Available,84.13
9,Large,Camera,133.61
10,Air,Table,193.34
11,Society,Economy,141.62
12,News,Human,88.25
13,Walk,Check,189.87
14,Case,Help,35.78
15,Box,Partner,74.83
16,Send,Whether,87.1
17,Project,Boy,49.38
18,Seem,Purpose,19.97
19,Performance,Project,115.15
20,Away,Person,147.84
21,Century,Dinner,56.62
22,Hair,Best,89.81
23,Coach,List,179.54
24,Mind,Base,182.4
25,Attack,Always,56.0
26,Above,Source,188.05
27,Method,Car,113.4
28,Make,Actually,50.86
29,Decade,Enough,148.66
30,Natural,Open,51.46
31,These,Area,75.44
32,Do,Hand,156.41
33,Research,Book,143.86
34,Wind,Avoid,53.16
35,Part,Page,64.55
36,Military,Identify,85.07
37,News,Mr,121.24
38,Music,Culture,147.69
39,Economic,Talk,5.41
40,Mouth,Let,14.48
41,Business,Security,121.14
42,Condition,Finish,192.0
43,Professor,Bill,116.34
44,Contain,Modern,157.56
45,Address,Computer,122.99
46,Can,Paper,19.35
47,Increase,Hotel,173.19
48,Realize,Soon,54.4
49,Often,Decade,166.2
50,Light,Require,74.79
51,Reality,Figure,111.95
52,Important,Congress,86.27
53,Eye,Huge,152.79
54,Election,Part,192.89
55,Bad,Item,69.74
56,Follow,Sit,182.04
57,Law,Sister,34.84
58,Yourself,Back,75.59
59,Impact,Itself,8.4
60,Area,Anything,44.66
