SalespersonID,FirstName,LastName,HireDate,Email
1,Mark,Herrera,2021-10-13,zcampos@example.com
2,Matthew,Martinez,2021-09-25,davidblanchard@example.org
3,Jerry,King,2017-06-29,smithkendra@example.com
4,Julie,Smith,2021-08-25,robertsmith@example.com
5,Michael,Smith,2016-11-03,uleon@example.org
6,Michael,Whitney,2016-05-22,clarkmark@example.com
7,Natalie,Villarreal,2017-09-25,bmartinez@example.net
8,Jeremy,Flores,2015-06-11,masonjames@example.com
9,Nina,Cruz,2015-01-26,mccormickjoseph@example.com
10,Kelsey,Adams,2017-02-08,zmacdonald@example.net
11,Amanda,Marks,2019-04-26,xgilbert@example.org
12,Katherine,Haley,2018-08-13,gthomas@example.com
13,Kristin,Cruz,2020-08-13,becknatalie@example.org
14,Tiffany,Clarke,2015-05-21,crawfordvanessa@example.com
15,Matthew,Small,2015-01-20,fernandoward@example.org
16,Michele,George,2018-08-06,ugonzalez@example.net
17,Deborah,Koch,2021-10-25,ghamilton@example.net
18,Patrick,Rangel,2016-09-21,juanreyes@example.com
19,Sean,Taylor,2021-07-06,bcowan@example.com
20,Shane,Donovan,2015-11-29,mark08@example.net
21,Kimberly,Dodson,2019-01-26,monicalee@example.net
22,Caleb,Mccullough,2021-04-08,leslie95@example.org
23,Alexis,Buckley,2017-05-03,ccampbell@example.net
24,Debra,Lewis,2018-12-02,shelly37@example.org
25,Christina,Daniel,2018-04-18,barbara67@example.net
26,Craig,Mcdaniel,2015-02-08,martinezteresa@example.com
27,Patrick,Herrera,2019-11-29,josephhernandez@example.net
28,Jamie,Larson,2018-10-01,thomassnyder@example.org
29,Kimberly,Underwood,2018-01-01,amandariddle@example.com
30,Anthony,Calhoun,2019-05-07,evansmonica@example.org
31,Jason,Roy,2021-04-07,keith45@example.net
32,Randy,Hale,2020-04-10,vicki04@example.org
33,Justin,Lutz,2019-10-27,qberg@example.net
34,Katrina,Barnes,2018-11-03,zking@example.org
35,John,Cole,2019-08-15,castanedamatthew@example.org
36,Nichole,Bennett,2021-01-31,novakbrian@example.net
37,Donald,Carter,2018-11-03,brittany02@example.net
38,Erica,Santiago,2021-03-15,chambersjonathan@example.org
39,Justin,Savage,2016-03-22,ashley96@example.net
40,Brenda,Schmidt,2021-07-05,torresscott@example.net
41,Erik,Potts,2018-11-07,bcompton@example.org
42,David,Barker,2021-11-27,jeremiahmendoza@example.org
43,Juan,Weeks,2015-07-06,aliciahinton@example.org
44,Paul,Allen,2016-05-23,wwilliams@example.com
45,Kelly,Case,2016-03-30,robertmckee@example.net
46,Thomas,Hatfield,2019-03-18,angela98@example.net
47,Joshua,Armstrong,2015-11-24,jonathan93@example.net
48,Alexis,Jimenez,2016-07-20,gomezanthony@example.net
49,Breanna,Brown,2019-08-04,kyleward@example.net
50,Sharon,Carlson,2021-11-08,otaylor@example.net
51,Kevin,Johnson,2017-11-15,reedlaura@example.net
52,Jean,Pearson,2017-11-21,sherry41@example.net
53,Beth,Harris,2017-09-20,ramirezkimberly@example.org
54,Jason,Ortega,2015-06-04,michael15@example.org
55,Gary,Schaefer,2021-07-17,idougherty@example.org
56,Jane,Wilkins,2016-06-05,michaelfarley@example.com
57,William,Berry,2019-11-20,huntmichael@example.com
58,Jeremiah,Smith,2021-11-01,kevinsantos@example.org
59,Michael,Yang,2019-01-07,alyssagardner@example.net
60,Kristen,Monroe,2020-07-03,brianbrown@example.org
61,Stephen,Burns,2021-02-10,qhess@example.com
62,Misty,Fisher,2019-06-05,katherine65@example.org
63,Hayley,Mckenzie,2016-10-22,stephanie72@example.org
64,Yolanda,Kennedy,2017-07-27,charlestorres@example.com
65,Michelle,Arellano,2018-09-05,keithjohnson@example.net
66,Randy,Jackson,2021-04-10,ubrown@example.net
67,Aaron,Schwartz,2015-12-23,frederickscott@example.com
68,Carol,Watkins,2020-01-31,mathewselizabeth@example.com
69,Kevin,Petty,2020-03-13,lroach@example.org
70,Jason,Mendoza,2017-05-09,francispaul@example.com
71,Danny,Patton,2021-09-07,donnakirby@example.com
72,Evan,Nelson,2016-08-15,melanieclark@example.net
73,James,Sanchez,2020-12-21,qjohnson@example.org
74,Jonathan,Manning,2020-12-01,andreastrickland@example.net
75,Stephanie,Campbell,2015-11-30,gilljason@example.net
76,Howard,Wilson,2016-01-16,terryryan@example.net
77,Melanie,Meadows,2017-05-22,xjohnson@example.net
78,Ethan,Howard,2019-02-18,kathrynthompson@example.net
79,Jacqueline,Chen,2021-08-20,hutchinsonwilliam@example.net
80,Nathan,Williamson,2018-05-15,fjimenez@example.org
81,Robert,Johnson,2015-07-08,justinlloyd@example.org
82,Ronald,Chan,2016-05-26,blake21@example.com
83,Joshua,Obrien,2016-02-28,earl35@example.org
84,Katherine,Flores,2021-05-30,stuartbrett@example.org
85,Sarah,Hawkins,2020-06-08,nicole63@example.org
86,Richard,Martinez,2020-03-06,parkerjeremy@example.com
87,Danielle,Gomez,2016-01-20,juan73@example.com
88,Kenneth,Young,2015-07-16,hopkinselizabeth@example.net
89,Rebecca,Pearson,2016-10-23,brandonbonilla@example.com
90,Monica,Young,2021-09-13,williamsbrittany@example.org
